"";"names";"Phd"
"1";"Gesthuizen";NA
"2";"Ganzeboom";NA
"3";"Buijzen";NA
"4";"Eisinga";NA
"5";"Vermulst";NA
"6";"Scheepers";NA
"7";"Jong";NA
"8";"Tobi";NA
"9";"Brink";NA
"10";"Camacho";NA
"11";"Kanas";NA
"12";"Thijs";NA
"13";"Betko";NA
"14";"Kampen";NA
"15";"Baars";NA
"16";"Slik";NA
"17";"Hewstone";NA
"18";"Vergeer";NA
"19";"Grotenhuis";NA
"20";"Konig";NA
"21";"Witte";NA
"22";"Meer";NA
"23";"Spierings";NA
"24";"Tolsma";NA
"25";"Munniksma";NA
"26";"Schlueter";NA
"27";"Wolbers";NA
"28";"Visser";NA
"29";"Jonge";NA
"30";"Stark";NA
"31";"d'Haenens";NA
"32";"Schafraad";NA
"33";"Bosch";NA
"34";"Lubbers";NA
"35";"André";NA
"36";"Roßteutscher";NA
"37";"Geurts";NA
"38";"Billiet";NA
"39";"Meuleman";NA
"40";"Volker";NA
"41";"Pelzer";NA
"42";"Kraaykamp";NA
"43";"Rijnders";NA
"44";"Deth";NA
"45";"Pamungkas";NA
"46";"Driessen";NA
"47";"Stegmueller";NA
"48";"Otten";NA
"49";"Vennix";NA
"50";"Savelkoul";NA
"51";"Stolle";NA
"52";"Janssen";NA
"53";"Verbakel";NA
"54";"Jaspers";NA
"55";"Schaap";NA
"56";"Sieben";NA
"57";"Dagevos";NA
"58";"Buitelaar";NA
"59";"Bruin";NA
"60";"Cobussen";NA
"61";"Meijeren";NA
"62";"Coenders";NA
"63";"Scholte";NA
"64";"Kleemans";NA
"65";"Levels";NA
"66";"Ramaekers";NA
"67";"Verkuyten";NA
"68";"Abanes";NA
"69";"Gijsberts";NA
"70";"Verloo";NA
"71";"Blom";NA
"72";"Dekker";NA
"73";"Vettehen";NA
"74";"Ester";NA
"75";"Sleegers";NA
"76";"Phalet";NA
"77";"Linssen";NA
"78";"Sluiter";NA
"79";"Ploeg";NA
"80";"Glas";NA
"81";"Setiawan";NA
"82";"Huijts";NA
"83";"Subagya";NA
"84";"Veld";NA
"85";"Vollebergh";NA
"86";"Kregting";NA
"87";"Vermeer";NA
"88";"Sterkens";NA
"89";"Hendriks";NA
"90";"Vis";NA
"91";"Rozenberg";NA
"92";"Offerhaus";NA
"93";"Peters";NA
"94";"Reitsma";NA
"95";"Lagro-Janssen";NA
"96";"Doorn";NA
"97";"Felling";NA
"98";"Hagendoorn";NA
"99";"Gerris";NA
"100";"Wester";NA
"101";"Emons";NA
"102";"Sniderman";NA
"103";"Hello";NA
"104";"Meertens";NA
"105";"Oomens";NA
"106";"Weijters";NA
"107";"Londen";NA
"108";"Mueller";NA
